<?xml version="1.0" encoding="UTF-8" standalone="yes"?>
<addons>
<addon id="plugin.video.swefilmer"
       name="SweFilmer"
       version="1.13"
       provider-name="kokangit">
  <requires>
    <import addon="xbmc.python" version="2.1.0"/>
  </requires>
  <extension point="xbmc.python.pluginsource" library="default.py">
        <provides>video</provides>
  </extension>
</addon>
<addon id="repository.swefilmer"
       name="SweFilmer repo"
       version="1.13"
       provider-name="kokangit">
  <extension point="xbmc.addon.repository" name="Repository for swefilmer addon">
    <info compressed="false">https://raw.githubusercontent.com/kokangit/xbmc-swefilmer/master/addons.xml</info>
    <checksum>https://raw.githubusercontent.com/kokangit/xbmc-swefilmer/master/addons.xml.md5</checksum>
    <datadir zip="true">https://github.com/kokangit/xbmc-swefilmer/raw/master/downloads</datadir>
  </extension>
</addon>
</addons>
